bin,count,defaults,default_rate,proportion
Q1 (low),43853,3691,0.084167559802066,0.7130221290018373
Q2,15804,1178,0.07453809162237408,0.2569630749719526
Q3,1473,78,0.05295315682281059,0.023950051217013803
Q4,237,10,0.04219409282700422,0.00385347056241159
Q5 (high),136,8,0.058823529411764705,0.0022112742467847095
